product_id,description,category,subcategory,image_file
101-198,Manure Fork 48in 5-Tine Fibreglass Handle,Manure and Hay Forks,Barn Forks,101-198.jpg
101-199,"3 Tine Hay Pitchfork 48"" Handle",Manure and Hay Forks,Barn Forks,101-199.jpg
101-200,"Barn Owl 3 Tine Hay Fork 48"" Handle",Manure and Hay Forks,Barn Forks,101-200.jpg
101-201,"Barn Owl 3 Tine Hay Fork 54"" Handle",Manure and Hay Forks,Barn Forks,101-201.jpg
101-203,"Barn Owl 3 Tine x 9"" Wide Fork 48"" Handle",Manure and Hay Forks,Barn Forks,101-203.jpg
101-204,"Barn Owl 4 Tine x 9"" Wide Fork D-Handle",Manure and Hay Forks,Barn Forks,101-204.jpg
101-205,"Barn Owl 4 Tine x 9"" Wide Fork 48"" Handle",Manure and Hay Forks,Barn Forks,101-205.jpg
101-206,"Barn Owl 4 Tine x 9"" Wide Fork 54"" Handle",Manure and Hay Forks,Barn Forks,101-206.jpg
101-207,"Barn Owl 4 Tine x 9"" Wide BENT Fork 48"" Handle Silage Puller",Manure and Hay Forks,Barn Forks,101-207.jpg
101-208,"Barn Owl 5 Tine Fork x 9"" Wide 54"" Handle",Manure and Hay Forks,Barn Forks,101-208.jpg
101-210,"Barn Owl 5 Tine Fork x 9"" Wide D-Handle",Manure and Hay Forks,Barn Forks,101-210.jpg
101-211,"Barn Owl 4 Tine HD Fork x 10"" Wide D-Handle",Manure and Hay Forks,Barn Forks,101-211.jpg
101-213,"Barn Owl 5 Tine Fork x 11"" Wide D-Handle",Manure and Hay Forks,Barn Forks,101-213.jpg
101-214,"Barn Owl 7 Tine Fork x 14"" Wide D-Handle",Manure and Hay Forks,Barn Forks,101-214.jpg
101-215,"Barn Owl 8 Tine Fork x 14"" Wide D-Handle",Manure and Hay Forks,Barn Forks,101-215.jpg
101-216,"Barn Owl 8 Tine Fork x 16"" Wide D-Handle",Manure and Hay Forks,Barn Forks,101-216.jpg
101-220,"Barn Owl 8 Tine Straw Fork x 19"" Wide D-Handle",Manure and Hay Forks,Barn Forks,101-220.jpg
101-221,"Barn Owl 9 Tine Fork x 16"" Wide D-Handle",Manure and Hay Forks,Barn Forks,101-221.jpg
101-224,"Barn Owl 28"" Replacement D-Grip, tapered handle. No SS Ferrule.",Manure and Hay Forks,Barn Forks,101-224.jpg
101-228,"Barn Owl 33"" Replacement D-Handle Only",Manure and Hay Forks,Barn Forks,101-228.jpg
101-229,Barn Owl Replacement D-Grip Only (Top),Manure and Hay Forks,Barn Forks,101-229.jpg
101-225,"Barn Owl 48"" Replacement Handle Only",Manure and Hay Forks,Barn Forks,101-225.jpg
101-226,"Barn Owl 54"" Replacement Handle Only",Manure and Hay Forks,Barn Forks,101-226.jpg
101-227,"Barn Owl 60"" Replacement Handle Only",Manure and Hay Forks,Barn Forks,101-227.jpg
101-340,"Plastic Bedding Fork with 52"" Handle",Manure and Hay Forks,Bedding Forks,101-340.jpg
101-342,Black Metal Litter Fork - Head only,Manure and Hay Forks,Bedding Forks,101-342.jpg
101-308,Angle Broom with Dustpan,Brooms,Corn Brooms and Whisks,101-308.jpg
101-309,Indoor/Outdoor Heavy Duty Angle Broom,Brooms,Corn Brooms and Whisks,101-309.jpg
101-310,Medium Duty Corn broom. 5 Green strings. 12/Case,Brooms,Corn Brooms and Whisks,101-310.jpg
101-312,"Heavy Duty Corn Broom, 3 wires/1 string. 12/Case",Brooms,Corn Brooms and Whisks,101-312.jpg
101-314,Polypropylene Dairy Broom,Brooms,Corn Brooms and Whisks,101-314.jpg
101-331,Corn Whisk with Metal Cap. 12/Case,Brooms,Corn Brooms and Whisks,101-331.jpg
101-317,"24"" Plastic Push Broom w/ 60"" Metal Handle/Plastic Hex Tip",Brooms,Pro Brooms Medium,101-317.jpg
101-317-1,"24"" Plastic Push Broom Head - Medium",Brooms,Pro Brooms Medium,101-317-1.jpg
101-319,"18"" Medium Push Broom w/ Brace & 60"" Handle, Black/Orange",Brooms,Pro Brooms Medium,101-319.jpg
101-325,"24"" Medium Push Broom w/ Brace & 60"" Handle, Black/Orange",Brooms,Pro Brooms Medium,101-325.jpg
101-328,"36"" Medium Push Broom w/ Brace & 60"" Handle, Black/Orange",Brooms,Pro Brooms Medium,101-328.jpg
101-319-1,"18"" Medium Push Broom HEAD ONLY with Hardware Kit NO HANDLE Black/Orange",Brooms,Pro Brooms Medium,101-319-1.jpg
101-325-1,"24"" Medium Push Broom HEAD ONLY with Hardware Kit NO HANDLE Black/Orange",Brooms,Pro Brooms Medium,101-325-1.jpg
101-328-1,"36"" Medium Push Broom HEAD ONLY with Hardware kit NO HANDLE Black/Orange",Brooms,Pro Brooms Medium,101-328-1.jpg
101-318,"18"" Soft Push Broom w/ Brace & 60"" Handle, Black/Blue",Brooms,Pro Brooms Soft,101-318.jpg
101-324,"24"" Soft Push Broom w/ Brace & 60"" Handle, Black/Blue",Brooms,Pro Brooms Soft,101-324.jpg
101-327,"36"" Soft Push Broom w/ Brace & 60"" Handle, Black/Blue",Brooms,Pro Brooms Soft,101-327.jpg
101-318-1,"18"" Soft Push Broom HEAD ONLY with Hardware Kit NO HANDLE Black/Blue",Brooms,Pro Brooms Soft,101-318-1.jpg
101-324-1,"24"" Soft Push Broom HEAD ONLY with Hardware Kit NO HANDLE Black/Blue",Brooms,Pro Brooms Soft,101-324-1.jpg
101-327-1,"36"" Soft Push Broom HEAD ONLY with Hardware Kit NO HANDLE Black/Blue",Brooms,Pro Brooms Soft,101-327-1.jpg
101-320,"18"" Stiff Push Broom w/ Brace & 60"" Handle, Black/Red",Brooms,Pro Brooms Stiff,101-320.jpg
101-326,"24"" Stiff Push Broom w/ Brace & 60"" Handle, Black/Red",Brooms,Pro Brooms Stiff,101-326.jpg
101-320-1,"18"" Stiff Push Broom HEAD ONLY with Hardware Kit NO HANDLE Black/Red",Brooms,Pro Brooms Stiff,101-320-1.jpg
101-326-1,"24"" Stiff Push Broom HEAD ONLY with Hardware Kit NO HANDLE Black/Red",Brooms,Pro Brooms Stiff,101-326-1.jpg
101-321,"24"" Extra Stiff PVC 3 Row Stable Broom with regular handle",Brooms,Push Broom Barn,101-321.jpg
101-321-1,"24"" Extra Stiff PVC Push Broom BRUSH ONLY NO HANDLE",Brooms,Push Broom Barn,101-321-1.jpg
101-322,"24"" Extra Stiff PVC Push Broom with Flex Handle",Brooms,Push Broom Barn,101-322.jpg
101-323,"18"" Stable Broom w/60"" Handle Black Poly Bristles",Brooms,Push Broom Barn,101-323.jpg
101-323-1,"18"" Stable Broom HEAD ONLY NO HANDLE",Brooms,Push Broom Barn,101-323-1.jpg
101-300,"Flexsweep 60"" Handle with Connector for Broom (2538)",Brooms,Push Broom Flex Sweep,101-300.jpg
101-301,"Flexsweep 24"" Fine Industrial Broom (99963)",Brooms,Push Broom Flex Sweep,101-301.jpg
101-303,"Flexsweep 24"" Medium Industrial Broom (99967)",Brooms,Push Broom Flex Sweep,101-303.jpg
101-305,"Flexsweep 24"" Stiff Industrial Broom (99972)",Brooms,Push Broom Flex Sweep,101-305.jpg
101-307,"Flexsweep 24"" EX-Stiff Industrial Broom (99978)",Brooms,Push Broom Flex Sweep,101-307.jpg
101-075,Cocket Head Garden Hoe 53in Wood Handle,Garden Tools,Rakes and Hoes,101-075.jpg
101-080,Bow Rake 54in 14-Steel Tine Wood Handle,Garden Tools,Rakes and Hoes,101-080.jpg
101-081,Bow Rake 62in 14-Steel Tine Fibreglass Handle,Garden Tools,Rakes and Hoes,101-081.jpg
101-082,Lawn & Leaf Rake 30in Plastic Head 30-Tine 47in Wood Handle,Garden Tools,Rakes and Hoes,101-082.jpg
101-086,Lawn & Leaf Rake 24in Plastic Head 24-Tine 47in Wood Handle,Garden Tools,Rakes and Hoes,101-086.jpg
101-085,Lawn & Leaf Rake Flex-Steel 24-Tine 24in 54in Wood Handle,Garden Tools,Rakes and Hoes,101-085.jpg
101-197,Spading Fork 41in x 4-Tine 7.28x11.1in Head Fibreglass D-Handle,Garden Tools,Rakes and Hoes,101-197.jpg
101-078,Lawn Edger Half Moon With Foot Step 32-1/2in Wood D-Handle,Garden Tools,Rakes and Hoes,101-078.jpg
101-317-2,"60"" Black Metal Handle with Hexagonal Plastic Tip",Cleaning Brushes,Scrub Brushes,101-317-2.jpg
101-332,"10"" Poly Scrub Brush with Scraper - Blue",Cleaning Brushes,Scrub Brushes,101-332.jpg
101-333,"9"" Poly Utility Scrub Brush",Cleaning Brushes,Scrub Brushes,101-333.jpg
101-334,"20"" Poly Utility Brush",Cleaning Brushes,Scrub Brushes,101-334.jpg
101-335,"4-1/2"" x 8"" Poly Bristle Bulk Tank Brush with 60"" Black Plastic Handle",Cleaning Brushes,Scrub Brushes,101-335.jpg
101-336,"5-1/2"" x 8"" Poly Bristle Bulk Tank Brush with 60"" Black Plastic Handle",Cleaning Brushes,Scrub Brushes,101-336.jpg
101-338,"4-1/2"" x 8-1/2"" Poly Bristle Bulk Tank Brush ONLY",Cleaning Brushes,Scrub Brushes,101-338.jpg
101-339,"5-1/2"" x 9"" Poly Bristle Bulk Tank Brush ONLY",Cleaning Brushes,Scrub Brushes,101-339.jpg
101-400,"10"" Vehicle Wash Brush Head Only. Yellow",Cleaning Brushes,Scrub Brushes,101-400.jpg
101-405,"Acid Resistant 10"" Flow-Through (White) Vehicle Brush Head ONLY",Cleaning Brushes,Scrub Brushes,101-405.jpg
101-415,"60"" Fiberglass Fountain Type Handle w/ Shut Off Valve",Cleaning Brushes,Scrub Brushes,101-415.jpg
2QTP,Plastic 1QT Feed scoop,Plastic Scoops,Feed Scoops,2QTP.jpg
4QTP,Plastic 3QT Feed Scoop,Plastic Scoops,Feed Scoops,4QTP.jpg
101-120,Mega Scoop - Red,Plastic Scoops,Feed Scoops,101-120.jpg
101-130,Mega Scoop - Green,Plastic Scoops,Feed Scoops,101-130.jpg
101-122,Handi Scoop 2.4L - Red,Plastic Scoops,Feed Scoops,101-122.jpg
101-132,Handi Scoop 2.4L - Green,Plastic Scoops,Feed Scoops,101-132.jpg
101-134,Handi Scoop Jr. - Red,Plastic Scoops,Feed Scoops,101-134.jpg
101-135,Handi Scoop Jr. - Green,Plastic Scoops,Feed Scoops,101-135.jpg
101-137,Mini Scoop 16 Oz.- Red,Plastic Scoops,Feed Scoops,101-137.jpg
101-138,Mini Scoop 16 Oz.- Green,Plastic Scoops,Feed Scoops,101-138.jpg
101-072,"Drain/Transplanting Spade With 33"" Fiberglass Handle",Utility Shovels,Shovels,101-072.jpg
101-111,"Square Head Shovel 48"" Fiberglass Handle 9-1/3"" Wide",Utility Shovels,Shovels,101-111.jpg
101-112,"Round Head Shovel 27"" Fiberglass D Handle",Utility Shovels,Shovels,101-112.jpg
101-114,"Square Shovel With 27"" Fiberglass D-Handle 9-1/2"" Wide",Utility Shovels,Shovels,101-114.jpg
101-119,"Round Head Shovel 47"" Fiberglass Handle",Utility Shovels,Shovels,101-119.jpg
101-119W,Round Head Shovel With Wood Handle,Utility Shovels,Shovels,101-119W.jpg
01236,"12"" x 36"" Bully Light Weight Aluminum Scoop Shovel",Grain Scoops,Shovels and Scrapers,01236.jpg
01436,"14"" x 36"" Bull Scoop Shovel",Grain Scoops,Shovels and Scrapers,01436.jpg
01440,"14"" x 40"" Bull Scoop Shovel",Grain Scoops,Shovels and Scrapers,01440.jpg
13012,12 x 30 Poly Bull Scoop Shovel with High-tech Infused Poly for Cold Weather Durability,Grain Scoops,Shovels and Scrapers,13012.jpg
13612,12 x 36 Poly Bull Scoop Shovel with High-tech Infused Poly for Cold Weather Durability,Grain Scoops,Shovels and Scrapers,13612.jpg
101-020,"14"" Tuffy Shovel - Red",Grain Scoops,Shovels and Scrapers,101-020.jpg
101-030,"14"" Tuffy Shovel - Green",Grain Scoops,Shovels and Scrapers,101-030.jpg
101-139,Steel Grain Scoop Shovel 44in x 16in Wood D-Handle,Grain Scoops,Shovels and Scrapers,101-139.jpg
101-140,#12 14Ga Aluminum Grain Shovel,Grain Scoops,Shovels and Scrapers,101-140.jpg
101-141,"21"" Barn/Snow Scraper Blue with Wood Handle and Poly D 40"" Handle 6 per Case",Barn and Snow Scrapers,Shovels and Scrapers,101-141.jpg
101-142,"24"" Barn/Snow Scraper Blue with Wood Handle and Poly D 40"" Handle 6 per Case",Barn and Snow Scrapers,Shovels and Scrapers,101-142.jpg
101-145,"21"" Heavy Duty Non Stick Snow Pusher with 40"" D-Grip Wood Handle 6 per Case",Barn and Snow Scrapers,Shovels and Scrapers,101-145.jpg
101-155,"26"" Snow Pusher With Curved Ergonomic Handle",Barn and Snow Scrapers,Shovels and Scrapers,101-155.jpg
101-146,"26"" Snow Shovel With Wear Bar And 40"" Handle",Barn and Snow Scrapers,Shovels and Scrapers,101-146.jpg
101-150,"9"" Poly Kids Shovel",Barn and Snow Scrapers,Shovels and Scrapers,101-150.jpg
101-157,"10"" Car/Trunk Shovel",Barn and Snow Scrapers,Shovels and Scrapers,101-157.jpg
101-156,"14"" Shovel with Ergonomic Handle",Barn and Snow Scrapers,Shovels and Scrapers,101-156.jpg
101-144,"15"" HD Poly Shovel With 40"" Wood Handle and D Grip",Barn and Snow Scrapers,Shovels and Scrapers,101-144.jpg
101-152,"15"" Poly Shovel with Wear Bar",Barn and Snow Scrapers,Shovels and Scrapers,101-152.jpg
101-151,"18"" Poly Snow Shovel",Barn and Snow Scrapers,Shovels and Scrapers,101-151.jpg
101-153,"20"" Shovel with Ergonomic Handle and Wear Bar",Barn and Snow Scrapers,Shovels and Scrapers,101-153.jpg
101-154,"20"" Snow Poly Shovel",Barn and Snow Scrapers,Shovels and Scrapers,101-154.jpg
101-143,"40"" D-Handle, 1.25"" Dia. for 101-141 & 101-142",Barn and Snow Scrapers,Shovels and Scrapers,101-143.jpg
ICE-CHOPPER,"7"" Ice Chopper with Steel Handle",Ice Choppers and Scrapers,Ice Choppers,ICE-CHOPPER.jpg
ICE-SCRAPER,Ice Scraper with Wooden Handle,Ice Choppers and Scrapers,Ice Choppers,ICE-SCRAPER.jpg
06580,"20"" ScraperSqueegee BLACK with 60"" Handle. Glass filled nylon tool head.",Squeegees,Squeegees,06580.jpg
06581,"20"" ScraperSqueegee BLACK with 72"" Handle. Glass filled nylon tool head.",Squeegees,Squeegees,06581.jpg
06582,"20"" ScraperSqueegee. Glass filled nylon TOOL HEAD ONLY - NO HANDLE. Black.",Squeegees,Squeegees,06582.jpg
06583,"20"" Replacement rubber strip for ScraperSqueegee.",Squeegees,Squeegees,06583.jpg
101-350,"24"" Industrial Squeegee without handle",Squeegees,Squeegees,101-350.jpg
101-350-R,"Replacement Rubber for 24"" Industrial Squeegee",Squeegees,Squeegees,101-350-R.jpg
06496-1,"1-1/8"" x 60"" Lacquered Handle Only For Scraper",Stable Scraper and Broom Handles,Handles,06496-1.jpg
06496-2,"1-1/8"" x 72"" Lacquered Handle Only For Scraper",Stable Scraper and Broom Handles,Handles,06496-2.jpg
101-317-2,"60"" Black Metal Handle with Hexagonal Plastic Tip",Stable Scraper and Broom Handles,Handles,101-317-2.jpg
101-326-2,Connector Only for Push Brooms,Stable Scraper and Broom Handles,Handles,101-326-2.jpg
101-328-3,Brace Kit Including Connector for Push Brooms,Stable Scraper and Broom Handles,Handles,101-328-3.jpg
101-328-4,Brace Kit Without Connector for Threaded Handle Push Brooms,Stable Scraper and Broom Handles,Handles,101-328-4.jpg
101-347-2,"1-1/8"" x 60"" Threaded & Varnished Handle for 48"" Push Broom",Stable Scraper and Broom Handles,Handles,101-347-2.jpg
06515,"ScrapeRake BLACK with 60"" Handle",Stable Scraper Rakes,Scraper Rakes,06515.jpg
06515-BLUE,"ScrapeRake BLUE with 60"" Handle",Stable Scraper Rakes,Scraper Rakes,06515-BLUE.jpg
06515-G,"ScrapeRake GREEN with 60"" Handle",Stable Scraper Rakes,Scraper Rakes,06515-G.jpg
06515-O,"ScrapeRake ORANGE with 60"" Handle",Stable Scraper Rakes,Scraper Rakes,06515-O.jpg
06515-R,"ScrapeRake RED with 60"" Handle",Stable Scraper Rakes,Scraper Rakes,06515-R.jpg
06516,"ScrapeRake BLACK with 72"" Handle",Stable Scraper Rakes,Scraper Rakes,06516.jpg
06516-BLUE,"ScrapeRake BLUE with 72"" Handle",Stable Scraper Rakes,Scraper Rakes,06516-BLUE.jpg
06516-G,"ScrapeRake GREEN with 72"" Handle",Stable Scraper Rakes,Scraper Rakes,06516-G.jpg
06516-O,"ScrapeRake ORANGE with 72"" Handle",Stable Scraper Rakes,Scraper Rakes,06516-O.jpg
06516-R,"ScrapeRake RED with 72"" Handle",Stable Scraper Rakes,Scraper Rakes,06516-R.jpg
06517,ScrapeRake - BLACK Head Only,Stable Scraper Rakes,Scraper Rakes,06517.jpg
06517-BLUE,ScrapeRake - BLUE Head only,Stable Scraper Rakes,Scraper Rakes,06517-BLUE.jpg
06517-G,ScrapeRake - GREEN Head only,Stable Scraper Rakes,Scraper Rakes,06517-G.jpg
06517-R,ScrapeRake - RED Head only,Stable Scraper Rakes,Scraper Rakes,06517-R.jpg
06517-O,ScrapeRake - ORANGE Head only,Stable Scraper Rakes,Scraper Rakes,06517-O.jpg
06496,"StableScraper - Glass Filled Nylon, with 60"" handle - GREEN",Stable Scrapers,Stable Scrapers,06496.jpg
06496-B,"StableScraper - Glass Filled Nylon, with 60"" handle - BLUE",Stable Scrapers,Stable Scrapers,06496-B.jpg
06496-R,"StableScraper - Glass Filled Nylon, with 60"" handle - RED",Stable Scrapers,Stable Scrapers,06496-R.jpg
06507,StableScraper - Glass Filled Nylon blade only - GREEN,Stable Scrapers,Stable Scrapers,06507.jpg
06508,StableScraper - Glass Filled Nylon blade only - RED,Stable Scrapers,Stable Scrapers,06508.jpg
06509,StableScraper - Glass Filled Nylon blade only - BLUE,Stable Scrapers,Stable Scrapers,06509.jpg
06496-72,"StableScraper - Glass Filled Nylon, with 72"" handle - GREEN",Stable Scrapers,Stable Scrapers,06496-72.jpg
06496-B-72,"StableScraper - Glass Filled Nylon, with 72"" handle - BLUE",Stable Scrapers,Stable Scrapers,06496-B-72.jpg
06496-R-72,"StableScraper - Glass Filled Nylon, with 72"" handle - RED",Stable Scrapers,Stable Scrapers,06496-R-72.jpg
WB-G10-2K,10 CUBIC 400LB Capacity Heavy Duty Wheel Barrow w/ 2 Knobby Tires (Unassembled) Kit #9,Wheelbarrows,400LB Capacity Green,WB-G10-2K.jpg
WB-G10-2R,10 CUBIC 400LB Capacity Heavy Duty Wheel Barrow w/ 2 Ribbed Tires (Unassembled) Kit #9,Wheelbarrows,400LB Capacity Green,WB-G10-2R.jpg
WB-G6-1K,6 CUBIC 400LB Capacity Heavy Duty Wheel Barrow With Knobby Tire (Unassembled) Kit #5,Wheelbarrows,400LB Capacity Green,WB-G6-1K.jpg
WB-G6-1R,6 CUBIC 400LB Capacity Heavy Duty Wheel Barrow With 1 Ribbed Tire (Unassembled) Kit #5,Wheelbarrows,400LB Capacity Green,WB-G6-1R.jpg
WB-G6-2K,6 CUBIC 400LB Capacity Heavy Duty Wheel Barrow With 2 Knobby Tires (Unassembled) Kit #6,Wheelbarrows,400LB Capacity Green,WB-G6-2K.jpg
WB-G6-2R,6 CUBIC 400LB Capacity Heavy Duty Wheel Barrow With 2 Ribbed Tires (Unassembled) Kit #6,Wheelbarrows,400LB Capacity Green,WB-G6-2R.jpg
WB-G8-1K,8 CUBIC 400LB Capacity Heavy Duty Wheel Barrow w/ 1 Knobby Tire (Unassembled) Kit #7,Wheelbarrows,400LB Capacity Green,WB-G8-1K.jpg
WB-G8-1R,8 CUBIC 400LB Capacity Heavy Duty Wheel Barrow w/ 1 Ribbed Tire (Unassembled) Kit #7,Wheelbarrows,400LB Capacity Green,WB-G8-1R.jpg
WB-G8-2FF,8 CUBIC 400LB Capacity Heavy Duty Wheel Barrow w/2 FlatFree Tires (Unassembled) Kit #9,Wheelbarrows,400LB Capacity Green,WB-G8-2FF.jpg
WB-G8-2K,8 CUBIC 400LB Capacity Heavy Duty Wheel Barrow w/2 Knobby Tires (Unassembled) Kit #9,Wheelbarrows,400LB Capacity Green,WB-G8-2K.jpg
WB-G8-2R,8 CUBIC 400LB Capacity Heavy Duty Wheel Barrow w/ 2 Ribbed Tires (Unassembled) Kit #9,Wheelbarrows,400LB Capacity Green,WB-G8-2R.jpg
WB-M10-1FF,10 CUBIC 800LB Capacity Extra Heavy Duty Wheel Barrow w/1 Flat Free Wheels (Unassembled) Kit #3,Wheelbarrows,700LB Capacity Maroon,WB-M10-1FF.jpg
WB-M10-1K,10 CUBIC 800LB Capacity Extra Heavy Duty Wheel Barrow with 1 Knobby Tire (Unassembled) Kit #3,Wheelbarrows,700LB Capacity Maroon,WB-M10-1K.jpg
WB-M10-1R,10 CUBIC 800LB Capacity Extra Heavy Duty Wheel Barrow with 1 Ribbed Tire (Unassembled) Kit #3,Wheelbarrows,700LB Capacity Maroon,WB-M10-1R.jpg
WB-M10-1T,10 CUBIC 800LB Capacity Extra Heavy Duty Wheel Barrow with 1 Turf Tire (Unassembled) Kit #11,Wheelbarrows,700LB Capacity Maroon,WB-M10-1T.jpg
WB-M10-2FF,10 CUBIC 800LB Capacity Extra Heavy Duty Wheel Barrow w/2 Flat Free Wheels (Unassembled) Kit #4,Wheelbarrows,700LB Capacity Maroon,WB-M10-2FF.jpg
WB-M10-2K,10 CUBIC 800LB Capacity Extra Heavy Duty Wheel Barrow with 2 Knobby Tires (Unassembled) Kit #4,Wheelbarrows,700LB Capacity Maroon,WB-M10-2K.jpg
WB-M10-2R,10 CUBIC 800LB Capacity Extra Heavy Duty Wheel Barrow with 2 Ribbed Tires (Unassembled) Kit #4,Wheelbarrows,700LB Capacity Maroon,WB-M10-2R.jpg
WB-M10-2T,10 CUBIC 800LB Capacity Extra Heavy Duty Wheel Barrow with 2 Turf Tires (Unassembled) Kit #8,Wheelbarrows,700LB Capacity Maroon,WB-M10-2T.jpg
WB-M6-1FF,6 CUBIC 800LB Capacity Extra Heavy Duty Wheel Barrow With 1 Flat Free Tire (Unassembled) Kit #1,Wheelbarrows,700LB Capacity Maroon,WB-M6-1FF.jpg
WB-M6-1K,6 CUBIC 800LB Capacity Extra Heavy Duty Wheel Barrow With 1 Knobby Tire (Unassembled) Kit #1,Wheelbarrows,700LB Capacity Maroon,WB-M6-1K.jpg
WB-M6-1R,6 CUBIC 800LB Capacity Extra Heavy Duty Wheel Barrow With 1 Ribbed Tire (Unassembled) Kit #1,Wheelbarrows,700LB Capacity Maroon,WB-M6-1R.jpg
WB-M6-1T,6 CUBIC 800LB Capacity Extra Heavy Duty Wheel Barrow With 1 Turf Tire (Unassembled) Kit #10,Wheelbarrows,700LB Capacity Maroon,WB-M6-1T.jpg
WB-M6-2FF,6 CUBIC 800LB Capacity Extra Heavy Duty Wheel Barrow With 2 Flat Free Tires (Unassembled) Kit #2,Wheelbarrows,700LB Capacity Maroon,WB-M6-2FF.jpg
WB-M6-2K,6 CUBIC 800LB Capacity Extra Heavy Duty Wheel Barrow With 2 Knobby Tires (Unassembled) Kit #2,Wheelbarrows,700LB Capacity Maroon,WB-M6-2K.jpg
WB-M6-2R,6 CUBIC 800LB Capacity Extra Heavy Duty Wheel Barrow With 2 Ribbed Tires (Unassembled) Kit #2,Wheelbarrows,700LB Capacity Maroon,WB-M6-2R.jpg
WB-M6-2T,6 CUBIC 800LB Capacity Extra Heavy Duty Wheel Barrow With 2 Turf Tires (Unassembled) Kit #12,Wheelbarrows,700LB Capacity Maroon,WB-M6-2T.jpg
WB-M8-1FF,8 CUBIC 800LB Capacity Extra Heavy Duty Wheel Barrow With 1 Flat Free Tire (Unassembled) Kit #3,Wheelbarrows,700LB Capacity Maroon,WB-M8-1FF.jpg
WB-M8-1K,8 CUBIC 800LB Capacity Extra Heavy Duty Wheel Barrow With 1 Knobby Tire (Unassembled) Kit #3,Wheelbarrows,700LB Capacity Maroon,WB-M8-1K.jpg
WB-M8-1R,8 CUBIC 800LB Capacity Extra Heavy Duty Wheel Barrow With 1 Ribbed Tire (Unassembled) Kit #3,Wheelbarrows,700LB Capacity Maroon,WB-M8-1R.jpg
WB-M8-1T,8 CUBIC 800LB Capacity Extra Heavy Duty Wheel Barrow With 1 Turf Tire (Unassembled) Kit #11,Wheelbarrows,700LB Capacity Maroon,WB-M8-1T.jpg
WB-M8-2FF,8 CUBIC 800LB Capacity Extra Heavy Duty Wheel Barrow With 2 Flat Free Tires (Unassembled) Kit #4,Wheelbarrows,700LB Capacity Maroon,WB-M8-2FF.jpg
WB-M8-2K,8 CUBIC 800LB Capacity Extra Heavy Duty Wheel Barrow With 2 Knobby Tires (Unassembled) Kit #4,Wheelbarrows,700LB Capacity Maroon,WB-M8-2K.jpg
WB-M8-2R,8 CUBIC 800LB Capacity Extra Heavy Duty Wheel Barrow With 2 Ribbed Tires (Unassembled) Kit #4,Wheelbarrows,700LB Capacity Maroon,WB-M8-2R.jpg
WB-M8-2T,8 CUBIC 800LB Capacity Extra Heavy Duty Wheel Barrow With 2 Turf Tires (Unassembled) Kit #8,Wheelbarrows,700LB Capacity Maroon,WB-M8-2T.jpg
WB-S6-1FF,6 CUBIC Steel Tray Heavy Duty Wheel Barrow With 1 Flat Free Tire,Wheelbarrows,Steel Tray,WB-S6-1FF.jpg
3548,"20""X38"" Plastic Deck Wagon",Utility and Garden Carts,Garden Carts,3548.jpg
3580,"24""X48"" Metal Deck Wagon with Fold Down Sides 5""x13"" Wheels",Utility and Garden Carts,Garden Carts,3580.jpg
03910-G,"30""X46"" Plastic Crate Wagon 5""x13"" Wheels",Utility and Garden Carts,Garden Carts,03910-G.jpg
20X38W,"20""X38"" Metal Deck Wagon 4""x10"" Wheels",Utility and Garden Carts,Garden Carts,20X38W.jpg
EFRW-G,"24""X48"" Metal Deck Wagon 4""x10"" Wheels",Utility and Garden Carts,Garden Carts,EFRW-G.jpg
02211-FF,"Wagon Wheel 10 x 4 Flat Free 5/8"" x 3"" Offset Hub",Replacement Parts,Replacement Wheels and Handles,02211-FF.jpg
04023-FF,"Wagon Wheel 13 x 5 Flat Free 5/8"" x 3"" Offset Hub",Replacement Parts,Replacement Wheels and Handles,04023-FF.jpg
WB-G-HANDLE,Handle for all G Series Green Wheelbarrow EACH,Replacement Parts,Replacement Wheels and Handles,WB-G-HANDLE.jpg
WB-M-HANDLE,Handle for all M Series Maroon Wheelbarrow EACH,Replacement Parts,Replacement Wheels and Handles,WB-M-HANDLE.jpg
WB-SRW,Ribbed Wheel Only For Wheelbarrow,Replacement Parts,Replacement Wheels and Handles,WB-SRW.jpg
WB-SRWFF,Flat Free Wheel Only For Wheelbarrow,Replacement Parts,Replacement Wheels and Handles,WB-SRWFF.jpg
WB-SRWK,Knobby Wheel Only For Wheelbarrow,Replacement Parts,Replacement Wheels and Handles,WB-SRWK.jpg
WB-SRWT,Turf Wheel Only For Wheelbarrow,Replacement Parts,Replacement Wheels and Handles,WB-SRWT.jpg
